{"properties": [
  {
    "name": "spring.datasource.testWhileIdle",
    "type": "java.lang.String",
    "description": "A description for 'spring.datasource.testWhileIdle'"
  },
  {
    "name": "spring.datasource.timeBetweenEvictionRunsMillis",
    "type": "java.lang.String",
    "description": "A description for 'spring.datasource.timeBetweenEvictionRunsMillis'"
  },
  {
    "name": "spring.datasource.validationQuery",
    "type": "java.lang.String",
    "description": "A description for 'spring.datasource.validationQuery'"
  },
  {
    "name": "spring.jwt.secret",
    "type": "java.lang.String",
    "description": "A description for 'spring.jwt.secret'"
  }
]}